{
   "res":{
      "hotels":{
         "images":[
            {
               "title":"\u063a\u0631\u0641\u0629 \u0631\u0628\u0627\u0639\u064a\u0629",
               "url":"\/\/hotelmedia.crs.haj.gov.sa\/MediaHandler.ashx?q=DBCA1B5A-B37C-484F-93C8-46CA348E57B5",
               "category":"Hotel",
               "type":"Photo",
               "isDefault":true
            },
            {
               "title":"\u063a\u0631\u0641\u0629 \u0631\u0628\u0627\u0639\u064a\u0629",
               "url":"\/\/hotelmedia.crs.haj.gov.sa\/MediaHandler.ashx?q=50D30080-7CAB-4B20-9DF1-60AD7AA298DA",
               "category":"Hotel",
               "type":"Photo",
               "isDefault":false
            },
            {
               "title":"\u063a\u0631\u0641\u0629 \u0631\u0628\u0627\u0639\u064a\u0629",
               "url":"\/\/hotelmedia.crs.haj.gov.sa\/MediaHandler.ashx?q=8D78AFDB-2AE3-4D4E-A31E-1013F932DA12",
               "category":"Room",
               "description":"\u063a\u0631\u0641\u0629 \u0631\u0628\u0627\u0639\u064a\u0629",
               "type":"Photo",
               "isDefault":true
            },
            {
               "title":"\u062e\u0645\u0627\u0633\u064a\/QUINT",
               "url":"\/\/hotelmedia.crs.haj.gov.sa\/MediaHandler.ashx?q=077A888C-14B6-4381-937B-4E5D5653F2F1",
               "category":"Room",
               "description":"\u062e\u0645\u0627\u0633\u064a\/QUINT",
               "type":"Photo",
               "isDefault":true
            },
            {
               "title":"test",
               "url":"\/\/hotelmedia.crs.haj.gov.sa\/MediaHandler.ashx?q=14947A10-7237-41E5-8A47-01941E10C36A",
               "category":"Room",
               "description":"test",
               "type":"Photo",
               "isDefault":false
            },
            {
               "title":"over\/TRPL",
               "url":"\/\/hotelmedia.crs.haj.gov.sa\/MediaHandler.ashx?q=68F89F57-C8A7-433C-B9D5-4418065E81F6",
               "category":"Room",
               "description":"over\/TRPL",
               "type":"Photo",
               "isDefault":true
            },
            {
               "title":"Over\/Quad",
               "url":"\/\/hotelmedia.crs.haj.gov.sa\/MediaHandler.ashx?q=036EBE65-4D7A-413C-907C-B4D2512811B3",
               "category":"Room",
               "description":"Over\/Quad",
               "type":"Photo",
               "isDefault":true
            },
            {
               "title":"Over\/Quint",
               "url":"\/\/hotelmedia.crs.haj.gov.sa\/MediaHandler.ashx?q=75A36F2A-4529-45F1-B0A2-8EB34499ACF9",
               "category":"Room",
               "description":"Over\/Quint",
               "type":"Photo",
               "isDefault":true
            },
            {
               "title":"\u062b\u0644\u0627\u062b\u064a\u0629\/TRPL",
               "url":"\/\/hotelmedia.crs.haj.gov.sa\/MediaHandler.ashx?q=C9A2F199-7655-4D57-B134-D71D899E2858",
               "category":"Room",
               "description":"\u062b\u0644\u0627\u062b\u064a\u0629\/TRPL",
               "type":"Photo",
               "isDefault":true
            }
         ],
         "optionalAmenities":[
            
         ],
         "policies":[
            
         ],
         "amenities":[
            {
               "type":"",
               "name":"\u0648\u0627\u064a \u0641\u0627\u064a \u0645\u062c\u0627\u0646\u064a"
            },
            {
               "type":"",
               "name":"\u062a\u0643\u064a\u064a\u0641"
            },
            {
               "type":"",
               "name":"\u0645\u062a\u062c\u0631 \u0635\u063a\u064a\u0631"
            },
            {
               "type":"",
               "name":"\u0645\u062d\u0644\u0627\u062a \u062a\u062c\u0627\u0631\u064a\u0629"
            },
            {
               "type":"",
               "name":"\u0645\u0635\u0639\u062f"
            },
            {
               "type":"",
               "name":"\u0645\u0637\u0639\u0645"
            },
            {
               "type":"",
               "name":"\u062c\u0631\u0633 \u0627\u0644\u0625\u0646\u0630\u0627\u0631"
            },
            {
               "type":"",
               "name":"\u0623\u062c\u0647\u0632\u0629 \u0625\u0646\u0630\u0627\u0631 \u0627\u0644\u062f\u062e\u0627\u0646"
            },
            {
               "type":"",
               "name":"\u0637\u0641\u0627\u064a\u0627\u062a \u062d\u0631\u064a\u0642"
            }
         ],
         "roomGroups":[
            {
               "groupId":"4__0__0",
               "groupAmount":353.91,
               "hasSpecialDeal":false,
               "paxInfo":[
                  {
                     "quantity":4,
                     "type":"ADT"
                  }
               ],
               "rooms":[
                  {
                     "roomTypeCode":"27914",
                     "roomId":"27914__5__1__0",
                     "status":"AVAILABLE",
                     "availabilityCount":108,
                     "sequenceNumber":0,
                     "hasSpecialDeal":true,
                     "specialDealID":"6670",
                     "specialDealDescription":"\u0634\u0631\u0643\u0629 \u0627\u0644\u0628\u0631\u0643\u0629",
                     "quantity":3,
                     "roomRates":[
                        {
                           "mealOptionId":"3233",
                           "mealDescription":"\u063a\u0631\u0641\u0629 \u0628\u062f\u0648\u0646 \u0648\u062c\u0628\u0627\u062a",
                           "mealTitle":"\u063a\u0631\u0641\u0629 \u0628\u062f\u0648\u0646 \u0648\u062c\u0628\u0627\u062a",
                           "roomConfigurationId":"27914__0__5__1__0",
                           "amount":353.91,
                           "allMealsCovered":false,
                           "displayRateInfo":[
                              {
                                 "amount":303.8,
                                 "description":"BaseRate",
                                 "currencyCode":"SAR",
                                 "purpose":"1"
                              },
                              {
                                 "amount":50.11,
                                 "description":"TAX",
                                 "currencyCode":"SAR",
                                 "purpose":"7"
                              },
                              {
                                 "amount":120,
                                 "description":"Discount",
                                 "currencyCode":"SAR",
                                 "purpose":"3"
                              },
                              {
                                 "amount":16.25,
                                 "description":"CommissionAmount",
                                 "currencyCode":"SAR",
                                 "purpose":"30"
                              },
                              {
                                 "amount":353.91,
                                 "description":"TotalAmount",
                                 "currencyCode":"SAR",
                                 "purpose":"10"
                              }
                           ],
                           "breakDownRateInfo":[
                              {
                                 "amount":92.89,
                                 "date":"2021-12-27T00:00:00"
                              },
                              {
                                 "amount":92.89,
                                 "date":"2021-12-28T00:00:00"
                              },
                              {
                                 "amount":73.46,
                                 "date":"2021-12-29T00:00:00"
                              },
                              {
                                 "amount":73.46,
                                 "date":"2021-12-30T00:00:00"
                              }
                           ],
                           "cancellationPolicy":{
                              "isRefundable":false,
                              "title":"Cancellation Policy",
                              "description":"",
                              "rules":[
                                 
                              ]
                           },
                           "config":[
                              {
                                 "key":"_systemAdd",
                                 "value":"21.2"
                              }
                           ]
                        }
                     ],
                     "tpExtensions":[
                        {
                           "key":"CommissionRate",
                           "value":"05.00"
                        }
                     ],
                     "images":[
                        {
                           "title":"\u062e\u0645\u0627\u0633\u064a\/QUINT",
                           "url":"\/\/hotelmedia.crs.haj.gov.sa\/MediaHandler.ashx?q=077A888C-14B6-4381-937B-4E5D5653F2F1",
                           "category":"Room",
                           "description":"\u062e\u0645\u0627\u0633\u064a\/QUINT",
                           "type":"Photo",
                           "isDefault":true
                        }
                     ],
                     "paxInfo":[
                        {
                           "quantity":4,
                           "type":"ADT"
                        }
                     ],
                     "policies":[
                        
                     ],
                     "config":[
                        {
                           "key":"__CTT",
                           "value":"__CTTV:a82819fe-6db5-4915-bce9-538616e56582"
                        }
                     ],
                     "flags":{
                        "isRefundable":false,
                        "isCommissionBased":true
                     },
                     "features":[
                        {
                           "type":"Room",
                           "name":"\u0634\u0645\u0627\u0639\u0627\u062a \u0627\u0644\u0645\u0644\u0627\u0628\u0633"
                        },
                        {
                           "type":"Room",
                           "name":"\u062a\u0643\u064a\u064a\u0641"
                        },
                        {
                           "type":"Room",
                           "name":"\u0642\u0646\u0648\u0627\u062a \u0641\u0636\u0627\u0626\u064a\u0629"
                        },
                        {
                           "type":"Room",
                           "name":"\u064a\u0645\u0643\u0646 \u0627\u0644\u0648\u0635\u0648\u0644 \u0625\u0644\u0649 \u0627\u0644\u0637\u0648\u0627\u0628\u0642 \u0627\u0644\u0639\u0644\u064a\u0627 \u0639\u0646 \u0637\u0631\u064a\u0642 \u0627\u0644\u0645\u0635\u0639\u062f"
                        },
                        {
                           "type":"Room",
                           "name":"\u062a\u0644\u0641\u0632\u064a\u0648\u0646 \u0628\u0634\u0627\u0634\u0629 \u0645\u0633\u0637\u062d\u0629"
                        }
                     ]
                  }
               ]
            }
         ],
         "checkInDate":"2021-12-27T00:00:00",
         "checkOutDate":"2021-12-31T00:00:00",
         "countryCode":"SA",
         "code":"18334_ar-SA",
         "name":"\u0627\u0644\u0631\u0627\u064a\u0629 \u062c\u0631\u0627\u0646\u062f",
         "token":"18334",
         "umrahHotelCode":"4800000718",
         "status":"Available",
         "amount":353.91,
         "amountType":"Total",
         "currencyCode":"SAR",
         "vendor":"hudxconnect",
         "provider":"hudxconnect",
         "checkInTime":"16:00:00",
         "checkOutTime":"14:00:00",
         "description":"\u064a\u0642\u0639 \u0641\u0646\u062f\u0642 \u0627\u0644\u0631\u0627\u064a\u0629 \u062c\u0631\u0627\u0646\u062f \u0639\u0644\u0649 \u0628\u0639\u062f \u062e\u0637\u0648\u0627\u062a \u0645\u0646 \u0627\u0644\u062d\u0631\u0645 \u0627\u0644\u0645\u0643\u064a \u0627\u0644\u0634\u0631\u064a\u0641 \u0628\u0645\u0633\u0627\u0641\u0629 600 \u0645\u062a\u0631 \u062a\u0642\u0631\u064a\u0628\u0627\u064e \u0648\u062a\u062d\u062f\u064a\u062f\u0627\u064b . \u0628\u0645\u0646\u0637\u0642\u0629 \u0623\u062c\u064a\u0627\u062f \u0627\u0644\u0645\u0635\u0627\u0641\u064a \u0645\u0642\u0627\u0628\u0644 \u0641\u0646\u062f\u0642 \u0627\u0644\u0634\u0647\u062f\u0627\u0621  \u0628\u0645\u062f\u064a\u0646\u0629 \u0645\u0643\u0629 \u0627\u0644\u0645\u0643\u0631\u0645\u0629 ",
         "category":"Hotel",
         "imagePath":"\/\/hotelmedia.crs.haj.gov.sa\/MediaHandler.ashx?q=DBCA1B5A-B37C-484F-93C8-46CA348E57B5",
         "bannerImagePath":"\/\/hotelmedia.crs.haj.gov.sa\/MediaHandler.ashx?q=DBCA1B5A-B37C-484F-93C8-46CA348E57B5",
         "latitude":90,
         "longitude":80,
         "address":"\u0631\u064a\u0639 \u0628\u062e\u0634",
         "city":"\u0645\u0643\u0629 \u0627\u0644\u0645\u0643\u0631\u0645\u0629",
         "state":"Makkah Province",
         "country":"Saudi Arabia",
         "email":"sabry@alrayah-hotels.com",
         "promotionName":"\u0634\u0631\u0643\u0629 \u0627\u0644\u0628\u0631\u0643\u0629",
         "hasSpecialDeal":true,
         "rating":1,
         "hotelChain":"\u0634\u0631\u0643\u0629 \u0627\u0644\u0631\u0627\u064a\u0629 \u0627\u0644\u0641\u0646\u062f\u0642\u0629",
         "metaIncluded":false,
         "config":[
            {
               "key":"allowChild",
               "value":"true"
            },
            {
               "key":"optionalAmenitiesService",
               "value":"true"
            }
         ],
         "tpExtensions":[
            
         ],
         "flags":[
            
         ],
         "displayRateInfo":[
            
         ]
      },
      "trans":{
         "vendor":"Naqaba",
         "provider":"Naqaba",
         "companyCode":"1",
         "routeCode":"58",
         "startDate":"2021-12-27T00:00:00",
         "vehicleTypes":[
            {
               "vehicleTypeCode":"3",
               "categories":[
                  {
                     "categoryCode":"1",
                     "model":{
                        "from":"2006",
                        "to":"2022"
                     },
                     "availableQuantity":331,
                     "maxPaxCapacity":55,
                     "displayRateInfo":[
                        {
                           "amount":5160,
                           "description":"BASERATE",
                           "currencyCode":"SAR",
                           "purpose":"1"
                        },
                        {
                           "amount":720,
                           "description":"TAXESAMOUNT",
                           "currencyCode":"SAR",
                           "purpose":"7"
                        },
                        {
                           "amount":5880,
                           "description":"TOTALAMOUNT",
                           "currencyCode":"SAR",
                           "purpose":"10"
                        }
                     ],
                     "config":[
                        {
                           "key":"_systemAdd",
                           "value":"360.0"
                        }
                     ]
                  }
               ]
            },
            {
               "vehicleTypeCode":"3",
               "categories":[
                  {
                     "categoryCode":"2",
                     "model":{
                        "from":"2006",
                        "to":"2022"
                     },
                     "availableQuantity":331,
                     "maxPaxCapacity":55,
                     "displayRateInfo":[
                        {
                           "amount":6874.63,
                           "description":"BASERATE",
                           "currencyCode":"SAR",
                           "purpose":"1"
                        },
                        {
                           "amount":959.25,
                           "description":"TAXESAMOUNT",
                           "currencyCode":"SAR",
                           "purpose":"7"
                        },
                        {
                           "amount":7833.88,
                           "description":"TOTALAMOUNT",
                           "currencyCode":"SAR",
                           "purpose":"10"
                        }
                     ],
                     "additionalServices":[
                        {
                           "code":"1",
                           "description":"Internet Service ",
                           "descriptionAR":"\u062e\u062f\u0645\u0627\u062a \u0627\u0644\u0627\u0646\u062a\u0631\u0646\u062a",
                           "displayRateInfo":[
                              {
                                 "amount":53.75,
                                 "description":"BASERATE",
                                 "currencyCode":"SAR",
                                 "purpose":"1"
                              },
                              {
                                 "amount":7.5,
                                 "description":"TAXESAMOUNT",
                                 "currencyCode":"SAR",
                                 "purpose":"7"
                              },
                              {
                                 "amount":61.25,
                                 "description":"TOTALAMOUNT",
                                 "currencyCode":"SAR",
                                 "purpose":"10"
                              }
                           ],
                           "config":[
                              {
                                 "key":"_systemAdd",
                                 "value":"3.75"
                              }
                           ]
                        }
                     ],
                     "config":[
                        {
                           "key":"_systemAdd",
                           "value":"479.63"
                        }
                     ]
                  }
               ]
            },
            {
               "vehicleTypeCode":"3",
               "categories":[
                  {
                     "categoryCode":"3",
                     "model":{
                        "from":"2006",
                        "to":"2022"
                     },
                     "availableQuantity":331,
                     "maxPaxCapacity":55,
                     "displayRateInfo":[
                        {
                           "amount":5160,
                           "description":"BASERATE",
                           "currencyCode":"SAR",
                           "purpose":"1"
                        },
                        {
                           "amount":720,
                           "description":"TAXESAMOUNT",
                           "currencyCode":"SAR",
                           "purpose":"7"
                        },
                        {
                           "amount":5880,
                           "description":"TOTALAMOUNT",
                           "currencyCode":"SAR",
                           "purpose":"10"
                        }
                     ],
                     "additionalServices":[
                        {
                           "code":"1",
                           "description":"Internet Service ",
                           "descriptionAR":"\u062e\u062f\u0645\u0627\u062a \u0627\u0644\u0627\u0646\u062a\u0631\u0646\u062a",
                           "displayRateInfo":[
                              {
                                 "amount":53.75,
                                 "description":"BASERATE",
                                 "currencyCode":"SAR",
                                 "purpose":"1"
                              },
                              {
                                 "amount":7.5,
                                 "description":"TAXESAMOUNT",
                                 "currencyCode":"SAR",
                                 "purpose":"7"
                              },
                              {
                                 "amount":61.25,
                                 "description":"TOTALAMOUNT",
                                 "currencyCode":"SAR",
                                 "purpose":"10"
                              }
                           ],
                           "config":[
                              {
                                 "key":"_systemAdd",
                                 "value":"3.75"
                              }
                           ]
                        }
                     ],
                     "config":[
                        {
                           "key":"_systemAdd",
                           "value":"360.0"
                        }
                     ]
                  }
               ]
            }
         ],
         "policies":[
            {
               "type":"Other",
               "name":"\u0633\u064a\u0627\u0633\u064a\u0629 \u0627\u0644\u0627\u0633\u062a\u062e\u062f\u0627\u06451",
               "description":"\u0633\u064a\u0627\u0633\u064a\u0629 \u0627\u0644\u0627\u0633\u062a\u062e\u062f\u0627\u06451",
               "dateCriteria":[
                  
               ],
               "criteria":[
                  
               ]
            },
            {
               "type":"Tax",
               "name":"Tax Policy1",
               "description":"\u0633\u064a\u0627\u0633\u064a\u0629 \u0627\u0644\u0636\u0631\u064a\u0628\u06291",
               "dateCriteria":[
                  
               ],
               "criteria":[
                  {
                     "key":"PolicyChargeValue",
                     "value":"15"
                  },
                  {
                     "key":"PolicyChargeType",
                     "value":"percentage"
                  },
                  {
                     "key":"PolicyName",
                     "value":"\u0633\u064a\u0627\u0633\u064a\u0629 \u0627\u0644\u0636\u0631\u064a\u0628\u06291"
                  }
               ]
            }
         ],
         "cancellationPolicy":{
            "isRefundable":true,
            "title":"Cancellation",
            "description":"Cancellation before 40 days from reservation date",
            "rules":[
               {
                  "fromDateTime":"2021-11-17T00:00:00",
                  "toDateTime":"2021-12-26T23:59:59",
                  "isNoShow":false,
                  "charge":{
                     "chargeType":"percentage",
                     "chargeValue":15,
                     "chargeUnit":"percentage",
                     "chargeAmount":0
                  }
               },
               {
                  "fromDateTime":"2021-12-27T00:00:00",
                  "toDateTime":"2021-12-27T23:59:59",
                  "isNoShow":true,
                  "charge":{
                     "chargeType":"percentage",
                     "chargeValue":100,
                     "chargeUnit":"percentage",
                     "chargeAmount":0
                  }
               }
            ]
         },
         "termsAndConditions":"\u0633\u064a\u0627\u0633\u06291",
         "config":[
            {
               "key":"__CTT",
               "value":"__CTTV:fe69c06d-f969-47b5-8212-440b0a3c4f03"
            }
         ],
         "tpExtensions":[
            
         ]
      }
   }
}